[
  {
    "code": "CA-OTT",
    "city": "Ottawa",
    "country": "Canada",
    "state": null,
    "latitude": 45.4215,
    "longitude": -75.6972
  },
  {
    "code": "US-WDC",
    "city": "Washington",
    "country": "United States",
    "state": "DC",
    "latitude": 38.9072,
    "longitude": -77.0369
  },
  {
    "code": "MX-MEX",
    "city": "Mexico City",
    "country": "Mexico",
    "state": null,
    "latitude": 19.4326,
    "longitude": -99.1332
  },
  {
    "code": "GT-GUA",
    "city": "Guatemala City",
    "country": "Guatemala",
    "state": null,
    "latitude": 14.6349,
    "longitude": -90.5069
  },
  {
    "code": "BZ-BEL",
    "city": "Belmopan",
    "country": "Belize",
    "state": null,
    "latitude": 17.2510,
    "longitude": -88.7590
  },
  {
    "code": "HN-TEG",
    "city": "Tegucigalpa",
    "country": "Honduras",
    "state": null,
    "latitude": 14.0723,
    "longitude": -87.1921
  },
  {
    "code": "SV-SSV",
    "city": "San Salvador",
    "country": "El Salvador",
    "state": null,
    "latitude": 13.6929,
    "longitude": -89.2182
  },
  {
    "code": "NI-MGA",
    "city": "Managua",
    "country": "Nicaragua",
    "state": null,
    "latitude": 12.1140,
    "longitude": -86.2362
  },
  {
    "code": "CR-SJO",
    "city": "San Jose",
    "country": "Costa Rica",
    "state": null,
    "latitude": 9.9281,
    "longitude": -84.0907
  },
  {
    "code": "PA-PTY",
    "city": "Panama City",
    "country": "Panama",
    "state": null,
    "latitude": 8.9824,
    "longitude": -79.5199
  },
  {
    "code": "CU-HAV",
    "city": "Havana",
    "country": "Cuba",
    "state": null,
    "latitude": 23.1136,
    "longitude": -82.3666
  },
  {
    "code": "HT-PAP",
    "city": "Port-au-Prince",
    "country": "Haiti",
    "state": null,
    "latitude": 18.5944,
    "longitude": -72.3074
  },
  {
    "code": "DO-SDQ",
    "city": "Santo Domingo",
    "country": "Dominican Republic",
    "state": null,
    "latitude": 18.4861,
    "longitude": -69.9312
  },
  {
    "code": "JM-KIN",
    "city": "Kingston",
    "country": "Jamaica",
    "state": null,
    "latitude": 17.9712,
    "longitude": -76.7936
  },
  {
    "code": "BS-NAS",
    "city": "Nassau",
    "country": "Bahamas",
    "state": null,
    "latitude": 25.0443,
    "longitude": -77.3504
  },
  {
    "code": "AR-BUE",
    "city": "Buenos Aires",
    "country": "Argentina",
    "state": null,
    "latitude": -34.6037,
    "longitude": -58.3816
  },
  {
    "code": "BO-LPZ",
    "city": "La Paz",
    "country": "Bolivia",
    "state": null,
    "latitude": -16.4897,
    "longitude": -68.1193
  },
  {
    "code": "BR-BSB",
    "city": "Brasilia",
    "country": "Brazil",
    "state": null,
    "latitude": -15.8267,
    "longitude": -47.9218
  },
  {
    "code": "CL-SCL",
    "city": "Santiago",
    "country": "Chile",
    "state": null,
    "latitude": -33.4489,
    "longitude": -70.6693
  },
  {
    "code": "CO-BOG",
    "city": "Bogota",
    "country": "Colombia",
    "state": null,
    "latitude": 4.7110,
    "longitude": -74.0721
  },
  {
    "code": "EC-QUI",
    "city": "Quito",
    "country": "Ecuador",
    "state": null,
    "latitude": -0.1807,
    "longitude": -78.4678
  },
  {
    "code": "GY-GEO",
    "city": "Georgetown",
    "country": "Guyana",
    "state": null,
    "latitude": 6.8013,
    "longitude": -58.1551
  },
  {
    "code": "PY-ASU",
    "city": "Asuncion",
    "country": "Paraguay",
    "state": null,
    "latitude": -25.2637,
    "longitude": -57.5759
  },
  {
    "code": "PE-LIM",
    "city": "Lima",
    "country": "Peru",
    "state": null,
    "latitude": -12.0464,
    "longitude": -77.0428
  },
  {
    "code": "SR-PBM",
    "city": "Paramaribo",
    "country": "Suriname",
    "state": null,
    "latitude": 5.8520,
    "longitude": -55.2038
  },
  {
    "code": "UY-MVD",
    "city": "Montevideo",
    "country": "Uruguay",
    "state": null,
    "latitude": -34.9011,
    "longitude": -56.1645
  },
  {
    "code": "VE-CCS",
    "city": "Caracas",
    "country": "Venezuela",
    "state": null,
    "latitude": 10.4806,
    "longitude": -66.9036
  },
  {
    "code": "US-NYC",
    "city": "New York",
    "country": "United States",
    "state": "NY",
    "latitude": 40.7128,
    "longitude": -74.0060
  },
  {
    "code": "US-LAX",
    "city": "Los Angeles",
    "country": "United States",
    "state": "CA",
    "latitude": 34.0522,
    "longitude": -118.2437
  },
  {
    "code": "US-CHI",
    "city": "Chicago",
    "country": "United States",
    "state": "IL",
    "latitude": 41.8781,
    "longitude": -87.6298
  },
  {
    "code": "US-MIA",
    "city": "Miami",
    "country": "United States",
    "state": "FL",
    "latitude": 25.7617,
    "longitude": -80.1918
  },
  {
    "code": "US-SFO",
    "city": "San Francisco",
    "country": "United States",
    "state": "CA",
    "latitude": 37.7749,
    "longitude": -122.4194
  },
  {
    "code": "US-DAL",
    "city": "Dallas",
    "country": "United States",
    "state": "TX",
    "latitude": 32.7767,
    "longitude": -96.7970
  },
  {
    "code": "US-SEA",
    "city": "Seattle",
    "country": "United States",
    "state": "WA",
    "latitude": 47.6062,
    "longitude": -122.3321
  },
  {
    "code": "US-BOS",
    "city": "Boston",
    "country": "United States",
    "state": "MA",
    "latitude": 42.3601,
    "longitude": -71.0589
  },
  {
    "code": "US-ATL",
    "city": "Atlanta",
    "country": "United States",
    "state": "GA",
    "latitude": 33.7490,
    "longitude": -84.3880
  },
  {
    "code": "US-DEN",
    "city": "Denver",
    "country": "United States",
    "state": "CO",
    "latitude": 39.7392,
    "longitude": -104.9903
  },
  {
    "code": "US-HNL",
    "city": "Honolulu",
    "country": "United States",
    "state": "HI",
    "latitude": 21.3069,
    "longitude": -157.8583
  }
]

